"disease","uniprot.id"
"allergy","P62942"
"allergy","P00374"
"allergy","Q8NER1"
"allergy","P11473"
"allergy","P48736"
"allergy","P08913"
"allergy","O60674"
"allergy","P35367"
"allergy","P31645"
"allergy","P11229"
"allergy","P23458"
"allergy","P29597"
"allergy","O00329"
"allergy","Q08499"
"allergy","P07550"
"allergy","P18089"
"allergy","P04150"
"allergy","P04629"
"allergy","P35354"
"allergy","P20309"
"allergy","P19793"
"allergy","P10276"
"allergy","P28702"
"allergy","P48443"
"allergy","P08172"
"allergy","P35348"
"allergy","P35368"
"allergy","P06729"
"allergy","P27815"
"allergy","P08588"
"allergy","Q08493"
"allergy","Q07343"
"allergy","P52333"
"allergy","P13945"
"allergy","P23975"
"allergy","P03956"
"allergy","P10826"
"allergy","P13631"
"allergy","P62937"
"allergy","P24394"
"allergy","P22894"
"allergy","P35225"
"allergy","P09237"
"allergy","P45452"
"allergy","Q9NPF7"
"allergy","P29460"
"allergy","P29459"
"allergy","P23219"
"allergy","P25103"
"allergy","Q9H3N8"
"allergy","P18825"
"allergy","Q16552"
"allergy","Q9Y5Y4"
"allergy","P01854"
"Alzheimers disease","P12931"
"Alzheimers disease","Q14432"
"Alzheimers disease","Q8NER1"
"Alzheimers disease","Q13224"
"Alzheimers disease","Q05586"
"Alzheimers disease","P49841"
"Alzheimers disease","Q07869"
"Alzheimers disease","P49768"
"Alzheimers disease","P06213"
"Alzheimers disease","P10721"
"Alzheimers disease","P48551"
"Alzheimers disease","P42261"
"Alzheimers disease","P48058"
"Alzheimers disease","O15399"
"Alzheimers disease","P18505"
"Alzheimers disease","P47870"
"Alzheimers disease","P18507"
"Alzheimers disease","P37231"
"Alzheimers disease","Q92542"
"Alzheimers disease","P09619"
"Alzheimers disease","P14416"
"Alzheimers disease","P08908"
"Alzheimers disease","P31645"
"Alzheimers disease","P00519"
"Alzheimers disease","P05067"
"Alzheimers disease","P22607"
"Alzheimers disease","Q00975"
"Alzheimers disease","Q16539"
"Alzheimers disease","P03372"
"Alzheimers disease","P07550"
"Alzheimers disease","P21554"
"Alzheimers disease","Q12879"
"Alzheimers disease","Q8TCU5"
"Alzheimers disease","P35354"
"Alzheimers disease","P16234"
"Alzheimers disease","P17181"
"Alzheimers disease","P01375"
"Alzheimers disease","P49810"
"Alzheimers disease","P19793"
"Alzheimers disease","P10276"
"Alzheimers disease","P28702"
"Alzheimers disease","P48443"
"Alzheimers disease","P35348"
"Alzheimers disease","P35499"
"Alzheimers disease","Q14524"
"Alzheimers disease","P35462"
"Alzheimers disease","P30556"
"Alzheimers disease","P14867"
"Alzheimers disease","P42262"
"Alzheimers disease","P35368"
"Alzheimers disease","Q9Y5Y9"
"Alzheimers disease","Q92731"
"Alzheimers disease","Q9UQD0"
"Alzheimers disease","P42263"
"Alzheimers disease","P08588"
"Alzheimers disease","P04035"
"Alzheimers disease","Q01959"
"Alzheimers disease","P36544"
"Alzheimers disease","P13945"
"Alzheimers disease","P21917"
"Alzheimers disease","P28223"
"Alzheimers disease","P50406"
"Alzheimers disease","P23975"
"Alzheimers disease","Q7L0J3"
"Alzheimers disease","P03956"
"Alzheimers disease","P06401"
"Alzheimers disease","P10826"
"Alzheimers disease","P13631"
"Alzheimers disease","Q9NY46"
"Alzheimers disease","Q99250"
"Alzheimers disease","P35498"
"Alzheimers disease","P48169"
"Alzheimers disease","P05121"
"Alzheimers disease","Q96BI3"
"Alzheimers disease","Q9NZ42"
"Alzheimers disease","Q8WW43"
"Alzheimers disease","P22303"
"Alzheimers disease","P22894"
"Alzheimers disease","P09237"
"Alzheimers disease","P45452"
"Alzheimers disease","P51649"
"Alzheimers disease","P23219"
"Alzheimers disease","P43681"
"Alzheimers disease","Q13639"
"Alzheimers disease","Q14957"
"Alzheimers disease","Q9UI33"
"Alzheimers disease","Q15858"
"Alzheimers disease","P43220"
"Alzheimers disease","O60391"
"Alzheimers disease","P06276"
"Alzheimers disease","P17787"
"Alzheimers disease","P30532"
"arthritis","Q14432"
"arthritis","P07437"
"arthritis","O14920"
"arthritis","P68371"
"arthritis","Q71U36"
"arthritis","P68366"
"arthritis","P62942"
"arthritis","P00374"
"arthritis","Q8NER1"
"arthritis","Q06187"
"arthritis","P30411"
"arthritis","P10721"
"arthritis","P11473"
"arthritis","P48736"
"arthritis","P41143"
"arthritis","P08913"
"arthritis","P26010"
"arthritis","P18505"
"arthritis","P47870"
"arthritis","P18507"
"arthritis","P41594"
"arthritis","Q9NSA0"
"arthritis","P60880"
"arthritis","P37231"
"arthritis","P08235"
"arthritis","O60674"
"arthritis","P07333"
"arthritis","P09619"
"arthritis","O76074"
"arthritis","P35367"
"arthritis","P31645"
"arthritis","Q13509"
"arthritis","P22607"
"arthritis","Q13936"
"arthritis","P54284"
"arthritis","P23458"
"arthritis","P05556"
"arthritis","P29597"
"arthritis","O00329"
"arthritis","Q08499"
"arthritis","O00555"
"arthritis","Q00975"
"arthritis","Q16539"
"arthritis","O95180"
"arthritis","P68363"
"arthritis","P51681"
"arthritis","P18089"
"arthritis","Q13698"
"arthritis","P04150"
"arthritis","O75762"
"arthritis","Q7Z2W7"
"arthritis","P35372"
"arthritis","P05023"
"arthritis","P54710"
"arthritis","P00750"
"arthritis","P30968"
"arthritis","P01138"
"arthritis","P35354"
"arthritis","P16234"
"arthritis","P01375"
"arthritis","Q03431"
"arthritis","P01584"
"arthritis","P14324"
"arthritis","P43405"
"arthritis","P47989"
"arthritis","P06756"
"arthritis","P35499"
"arthritis","Q14524"
"arthritis","P46663"
"arthritis","P41145"
"arthritis","P41146"
"arthritis","P34972"
"arthritis","P05026"
"arthritis","P01730"
"arthritis","Q9BQE3"
"arthritis","P14867"
"arthritis","Q9Y5Y9"
"arthritis","P00747"
"arthritis","Q01064"
"arthritis","P54750"
"arthritis","Q14123"
"arthritis","O15554"
"arthritis","Q9UQD0"
"arthritis","O43924"
"arthritis","Q13370"
"arthritis","P11836"
"arthritis","P27815"
"arthritis","Q8IW41"
"arthritis","P13612"
"arthritis","Q9Y233"
"arthritis","Q08289"
"arthritis","Q08493"
"arthritis","Q07343"
"arthritis","P09917"
"arthritis","P04035"
"arthritis","Q9Y698"
"arthritis","Q01959"
"arthritis","P52333"
"arthritis","P07766"
"arthritis","P08887"
"arthritis","P18545"
"arthritis","P05106"
"arthritis","P30988"
"arthritis","P23975"
"arthritis","Q13748"
"arthritis","Q15878"
"arthritis","P03956"
"arthritis","P04350"
"arthritis","Q13885"
"arthritis","Q9BVA1"
"arthritis","Q9NYK1"
"arthritis","Q9NY46"
"arthritis","Q99250"
"arthritis","P35498"
"arthritis","Q9NR96"
"arthritis","P14778"
"arthritis","Q8TCC7"
"arthritis","O14788"
"arthritis","Q06643"
"arthritis","P01374"
"arthritis","Q99808"
"arthritis","P32246"
"arthritis","Q9BUF5"
"arthritis","Q3ZCM7"
"arthritis","P00742"
"arthritis","P48169"
"arthritis","Q9Y275"
"arthritis","P36888"
"arthritis","Q02641"
"arthritis","P22894"
"arthritis","P05231"
"arthritis","P42081"
"arthritis","O60658"
"arthritis","Q01668"
"arthritis","Q9H4B7"
"arthritis","P09237"
"arthritis","Q6PEY2"
"arthritis","P45452"
"arthritis","P00918"
"arthritis","P23219"
"arthritis","Q99572"
"arthritis","Q96F46"
"arthritis","P33681"
"arthritis","Q13946"
"arthritis","Q9UI33"
"arthritis","Q15858"
"arthritis","O00408"
"arthritis","Q9P0X4"
"arthritis","O00305"
"arthritis","P01008"
"arthritis","P43220"
"arthritis","Q9H3N8"
"arthritis","Q01718"
"arthritis","P18825"
"arthritis","Q16552"
"arthritis","P14415"
"arthritis","P56373"
"asthma","Q14432"
"asthma","P00374"
"asthma","P10721"
"asthma","P11473"
"asthma","P48551"
"asthma","P08913"
"asthma","P37231"
"asthma","P09619"
"asthma","P14416"
"asthma","P35367"
"asthma","P00519"
"asthma","P11229"
"asthma","P21802"
"asthma","P22607"
"asthma","O00329"
"asthma","Q08499"
"asthma","Q16539"
"asthma","P07550"
"asthma","P25025"
"asthma","P25024"
"asthma","P25101"
"asthma","P30542"
"asthma","Q15722"
"asthma","P18089"
"asthma","Q9H244"
"asthma","P04150"
"asthma","P35354"
"asthma","P16234"
"asthma","P21453"
"asthma","P24530"
"asthma","P17181"
"asthma","P01375"
"asthma","P20309"
"asthma","P14324"
"asthma","P43405"
"asthma","P08172"
"asthma","P35348"
"asthma","P35462"
"asthma","P35368"
"asthma","O15554"
"asthma","Q13370"
"asthma","P27815"
"asthma","P08588"
"asthma","Q08493"
"asthma","Q07343"
"asthma","P09917"
"asthma","P04035"
"asthma","P29274"
"asthma","P36544"
"asthma","P13945"
"asthma","P21917"
"asthma","P28223"
"asthma","P28335"
"asthma","Q99500"
"asthma","O95136"
"asthma","P24394"
"asthma","Q01344"
"asthma","P35225"
"asthma","P05231"
"asthma","P42081"
"asthma","O95977"
"asthma","P05113"
"asthma","P23219"
"asthma","Q96F46"
"asthma","Q9H228"
"asthma","P33681"
"asthma","P43681"
"asthma","Q13258"
"asthma","Q9H3N8"
"asthma","P18825"
"asthma","Q16552"
"asthma","P20292"
"asthma","Q9Y5Y4"
"asthma","P30926"
"asthma","P32297"
"asthma","P01854"
"asthma","P17787"
"asthma","P56373"
"bipolar disorder","Q14432"
"bipolar disorder","P49840"
"bipolar disorder","Q13224"
"bipolar disorder","Q05586"
"bipolar disorder","P49841"
"bipolar disorder","P06213"
"bipolar disorder","P42261"
"bipolar disorder","P48058"
"bipolar disorder","O15399"
"bipolar disorder","P18505"
"bipolar disorder","P47870"
"bipolar disorder","P18507"
"bipolar disorder","P14416"
"bipolar disorder","P08908"
"bipolar disorder","O76074"
"bipolar disorder","P31645"
"bipolar disorder","Q13936"
"bipolar disorder","Q08499"
"bipolar disorder","P03372"
"bipolar disorder","Q9Y375"
"bipolar disorder","P48039"
"bipolar disorder","Q13698"
"bipolar disorder","P04150"
"bipolar disorder","Q12879"
"bipolar disorder","Q8TCU5"
"bipolar disorder","P35354"
"bipolar disorder","P01375"
"bipolar disorder","Q05940"
"bipolar disorder","P47989"
"bipolar disorder","P35499"
"bipolar disorder","Q14524"
"bipolar disorder","P35462"
"bipolar disorder","P14867"
"bipolar disorder","P39086"
"bipolar disorder","Q13002"
"bipolar disorder","P42262"
"bipolar disorder","Q9Y5Y9"
"bipolar disorder","Q01064"
"bipolar disorder","P54750"
"bipolar disorder","Q14123"
"bipolar disorder","Q9UQD0"
"bipolar disorder","P29218"
"bipolar disorder","O43924"
"bipolar disorder","Q13370"
"bipolar disorder","P42263"
"bipolar disorder","P27815"
"bipolar disorder","Q9Y233"
"bipolar disorder","Q08493"
"bipolar disorder","Q07343"
"bipolar disorder","O43181"
"bipolar disorder","P04035"
"bipolar disorder","Q01959"
"bipolar disorder","P18545"
"bipolar disorder","P19404"
"bipolar disorder","P21917"
"bipolar disorder","P03891"
"bipolar disorder","P28223"
"bipolar disorder","P28335"
"bipolar disorder","P23975"
"bipolar disorder","P06401"
"bipolar disorder","Q9NY46"
"bipolar disorder","Q99250"
"bipolar disorder","P35498"
"bipolar disorder","Q9P0J0"
"bipolar disorder","Q99808"
"bipolar disorder","P48169"
"bipolar disorder","P22303"
"bipolar disorder","O75489"
"bipolar disorder","O60658"
"bipolar disorder","Q01668"
"bipolar disorder","P21397"
"bipolar disorder","P51649"
"bipolar disorder","P00918"
"bipolar disorder","P23219"
"bipolar disorder","P43304"
"bipolar disorder","O96000"
"bipolar disorder","P49286"
"bipolar disorder","Q16795"
"bipolar disorder","P28331"
"bipolar disorder","Q13946"
"bipolar disorder","Q14957"
"bipolar disorder","O95169"
"bipolar disorder","O75380"
"bipolar disorder","P25103"
"bipolar disorder","Q9UI33"
"bipolar disorder","Q15858"
"bipolar disorder","P03905"
"bipolar disorder","O75306"
"bipolar disorder","O00408"
"bipolar disorder","O00483"
"bipolar disorder","O60391"
"bipolar disorder","Q14416"
"bipolar disorder","Q16099"
"bipolar disorder","P22748"
"bipolar disorder","P49821"
"bipolar disorder","P56181"
"bipolar disorder","O43678"
"bipolar disorder","Q9UI09"
"bipolar disorder","P51970"
"bipolar disorder","O95139"
"bipolar disorder","O43674"
"bipolar disorder","O95182"
"bipolar disorder","O00217"
"bipolar disorder","P56556"
"bipolar disorder","Q9Y6M9"
"bipolar disorder","P03923"
"bipolar disorder","O75251"
"bipolar disorder","Q16718"
"bipolar disorder","O75438"
"bipolar disorder","P03886"
"bipolar disorder","O95168"
"bipolar disorder","P03915"
"cardiac arrhythmia","P07437"
"cardiac arrhythmia","P68371"
"cardiac arrhythmia","Q71U36"
"cardiac arrhythmia","P68366"
"cardiac arrhythmia","P37088"
"cardiac arrhythmia","P22001"
"cardiac arrhythmia","P08913"
"cardiac arrhythmia","Q03721"
"cardiac arrhythmia","P18505"
"cardiac arrhythmia","P47870"
"cardiac arrhythmia","P18507"
"cardiac arrhythmia","P60880"
"cardiac arrhythmia","P08235"
"cardiac arrhythmia","P35367"
"cardiac arrhythmia","Q13509"
"cardiac arrhythmia","P51170"
"cardiac arrhythmia","Q13936"
"cardiac arrhythmia","Q09470"
"cardiac arrhythmia","P07550"
"cardiac arrhythmia","Q12809"
"cardiac arrhythmia","Q9Y375"
"cardiac arrhythmia","P68363"
"cardiac arrhythmia","P30542"
"cardiac arrhythmia","P18089"
"cardiac arrhythmia","Q9H244"
"cardiac arrhythmia","Q13698"
"cardiac arrhythmia","P04150"
"cardiac arrhythmia","P05023"
"cardiac arrhythmia","P54710"
"cardiac arrhythmia","P35354"
"cardiac arrhythmia","P01584"
"cardiac arrhythmia","P22460"
"cardiac arrhythmia","P43119"
"cardiac arrhythmia","P63252"
"cardiac arrhythmia","Q9NZV8"
"cardiac arrhythmia","P35348"
"cardiac arrhythmia","P35499"
"cardiac arrhythmia","Q14524"
"cardiac arrhythmia","P30556"
"cardiac arrhythmia","P05026"
"cardiac arrhythmia","Q9UK17"
"cardiac arrhythmia","O43525"
"cardiac arrhythmia","O43526"
"cardiac arrhythmia","Q9BQE3"
"cardiac arrhythmia","P14867"
"cardiac arrhythmia","P30518"
"cardiac arrhythmia","P35368"
"cardiac arrhythmia","P37288"
"cardiac arrhythmia","Q9Y5Y9"
"cardiac arrhythmia","P51787"
"cardiac arrhythmia","Q9UQD0"
"cardiac arrhythmia","O95259"
"cardiac arrhythmia","P16389"
"cardiac arrhythmia","P22459"
"cardiac arrhythmia","P08588"
"cardiac arrhythmia","O43181"
"cardiac arrhythmia","P04035"
"cardiac arrhythmia","P56696"
"cardiac arrhythmia","P29274"
"cardiac arrhythmia","Q14721"
"cardiac arrhythmia","Q9Y3Q4"
"cardiac arrhythmia","P19404"
"cardiac arrhythmia","P13945"
"cardiac arrhythmia","P03891"
"cardiac arrhythmia","Q9NR82"
"cardiac arrhythmia","P23975"
"cardiac arrhythmia","Q13748"
"cardiac arrhythmia","P04350"
"cardiac arrhythmia","Q13885"
"cardiac arrhythmia","Q9BVA1"
"cardiac arrhythmia","P62937"
"cardiac arrhythmia","Q9NY46"
"cardiac arrhythmia","P02708"
"cardiac arrhythmia","Q99250"
"cardiac arrhythmia","P35498"
"cardiac arrhythmia","P12821"
"cardiac arrhythmia","Q9P0J0"
"cardiac arrhythmia","Q9BUF5"
"cardiac arrhythmia","Q3ZCM7"
"cardiac arrhythmia","P00734"
"cardiac arrhythmia","P00742"
"cardiac arrhythmia","P48169"
"cardiac arrhythmia","P51168"
"cardiac arrhythmia","O75489"
"cardiac arrhythmia","Q01668"
"cardiac arrhythmia","Q9H4B7"
"cardiac arrhythmia","P11230"
"cardiac arrhythmia","Q6PEY2"
"cardiac arrhythmia","Q07001"
"cardiac arrhythmia","Q04844"
"cardiac arrhythmia","P23219"
"cardiac arrhythmia","P43304"
"cardiac arrhythmia","P00797"
"cardiac arrhythmia","O96000"
"cardiac arrhythmia","Q16795"
"cardiac arrhythmia","P28331"
"cardiac arrhythmia","O95169"
"cardiac arrhythmia","O75380"
"cardiac arrhythmia","P47901"
"cardiac arrhythmia","Q9UI33"
"cardiac arrhythmia","Q15858"
"cardiac arrhythmia","P03905"
"cardiac arrhythmia","O75306"
"cardiac arrhythmia","Q9NSA2"
"cardiac arrhythmia","O00483"
"cardiac arrhythmia","P01008"
"cardiac arrhythmia","P18825"
"cardiac arrhythmia","P48547"
"cardiac arrhythmia","P30559"
"cardiac arrhythmia","Q8TAE7"
"cardiac arrhythmia","Q9BQ31"
"cardiac arrhythmia","Q9UIX4"
"cardiac arrhythmia","Q9UJ96"
"cardiac arrhythmia","P49821"
"cardiac arrhythmia","P56181"
"cardiac arrhythmia","O43678"
"cardiac arrhythmia","Q9UI09"
"cardiac arrhythmia","Q16322"
"cardiac arrhythmia","Q8NCM2"
"cardiac arrhythmia","P51970"
"cardiac arrhythmia","O95139"
"cardiac arrhythmia","O43674"
"cardiac arrhythmia","O95182"
"cardiac arrhythmia","O00217"
"cardiac arrhythmia","P56556"
"cardiac arrhythmia","Q9Y6M9"
"cardiac arrhythmia","P03923"
"cardiac arrhythmia","O75251"
"cardiac arrhythmia","Q16718"
"cardiac arrhythmia","O75438"
"cardiac arrhythmia","P03886"
"cardiac arrhythmia","O95168"
"cardiac arrhythmia","P03915"
"cardiac arrhythmia","P14415"
"chronic obstructive pulmonary disease","Q14432"
"chronic obstructive pulmonary disease","O14920"
"chronic obstructive pulmonary disease","Q8NER1"
"chronic obstructive pulmonary disease","P13569"
"chronic obstructive pulmonary disease","P06213"
"chronic obstructive pulmonary disease","P11473"
"chronic obstructive pulmonary disease","Q13705"
"chronic obstructive pulmonary disease","P14416"
"chronic obstructive pulmonary disease","P16109"
"chronic obstructive pulmonary disease","P11229"
"chronic obstructive pulmonary disease","O00329"
"chronic obstructive pulmonary disease","Q08499"
"chronic obstructive pulmonary disease","Q16539"
"chronic obstructive pulmonary disease","P07550"
"chronic obstructive pulmonary disease","Q9Y375"
"chronic obstructive pulmonary disease","P25025"
"chronic obstructive pulmonary disease","P25024"
"chronic obstructive pulmonary disease","P25101"
"chronic obstructive pulmonary disease","P30542"
"chronic obstructive pulmonary disease","Q15722"
"chronic obstructive pulmonary disease","P04150"
"chronic obstructive pulmonary disease","P35372"
"chronic obstructive pulmonary disease","P35354"
"chronic obstructive pulmonary disease","P24530"
"chronic obstructive pulmonary disease","P20309"
"chronic obstructive pulmonary disease","P01584"
"chronic obstructive pulmonary disease","P43119"
"chronic obstructive pulmonary disease","P08172"
"chronic obstructive pulmonary disease","P35462"
"chronic obstructive pulmonary disease","Q15759"
"chronic obstructive pulmonary disease","P14151"
"chronic obstructive pulmonary disease","Q13370"
"chronic obstructive pulmonary disease","P27815"
"chronic obstructive pulmonary disease","P08588"
"chronic obstructive pulmonary disease","Q08493"
"chronic obstructive pulmonary disease","Q07343"
"chronic obstructive pulmonary disease","P09917"
"chronic obstructive pulmonary disease","O43181"
"chronic obstructive pulmonary disease","P04035"
"chronic obstructive pulmonary disease","P29274"
"chronic obstructive pulmonary disease","P36544"
"chronic obstructive pulmonary disease","Q9Y3Q4"
"chronic obstructive pulmonary disease","P19404"
"chronic obstructive pulmonary disease","P21917"
"chronic obstructive pulmonary disease","P03891"
"chronic obstructive pulmonary disease","P28223"
"chronic obstructive pulmonary disease","P28335"
"chronic obstructive pulmonary disease","P03956"
"chronic obstructive pulmonary disease","P16581"
"chronic obstructive pulmonary disease","P06401"
"chronic obstructive pulmonary disease","P62937"
"chronic obstructive pulmonary disease","P12821"
"chronic obstructive pulmonary disease","Q9P0J0"
"chronic obstructive pulmonary disease","Q01344"
"chronic obstructive pulmonary disease","P41597"
"chronic obstructive pulmonary disease","P32246"
"chronic obstructive pulmonary disease","P22894"
"chronic obstructive pulmonary disease","P35225"
"chronic obstructive pulmonary disease","O75489"
"chronic obstructive pulmonary disease","P09237"
"chronic obstructive pulmonary disease","P05113"
"chronic obstructive pulmonary disease","P45452"
"chronic obstructive pulmonary disease","P00918"
"chronic obstructive pulmonary disease","P23219"
"chronic obstructive pulmonary disease","P43304"
"chronic obstructive pulmonary disease","O96000"
"chronic obstructive pulmonary disease","Q16795"
"chronic obstructive pulmonary disease","P28331"
"chronic obstructive pulmonary disease","P43681"
"chronic obstructive pulmonary disease","O95169"
"chronic obstructive pulmonary disease","O75380"
"chronic obstructive pulmonary disease","P25103"
"chronic obstructive pulmonary disease","P03905"
"chronic obstructive pulmonary disease","O75306"
"chronic obstructive pulmonary disease","O00483"
"chronic obstructive pulmonary disease","Q02643"
"chronic obstructive pulmonary disease","P22748"
"chronic obstructive pulmonary disease","P49821"
"chronic obstructive pulmonary disease","P56181"
"chronic obstructive pulmonary disease","O43678"
"chronic obstructive pulmonary disease","Q9UI09"
"chronic obstructive pulmonary disease","P51970"
"chronic obstructive pulmonary disease","O95139"
"chronic obstructive pulmonary disease","O43674"
"chronic obstructive pulmonary disease","O95182"
"chronic obstructive pulmonary disease","O00217"
"chronic obstructive pulmonary disease","Q9Y5Y4"
"chronic obstructive pulmonary disease","P56556"
"chronic obstructive pulmonary disease","Q9Y6M9"
"chronic obstructive pulmonary disease","P03923"
"chronic obstructive pulmonary disease","O75251"
"chronic obstructive pulmonary disease","P30926"
"chronic obstructive pulmonary disease","P32297"
"chronic obstructive pulmonary disease","Q16718"
"chronic obstructive pulmonary disease","O75438"
"chronic obstructive pulmonary disease","P03886"
"chronic obstructive pulmonary disease","O95168"
"chronic obstructive pulmonary disease","P03915"
"chronic obstructive pulmonary disease","P01854"
"chronic obstructive pulmonary disease","P17787"
"coronary heart disease","Q14432"
"coronary heart disease","P07437"
"coronary heart disease","P68371"
"coronary heart disease","Q71U36"
"coronary heart disease","P68366"
"coronary heart disease","P62942"
"coronary heart disease","P00374"
"coronary heart disease","P37088"
"coronary heart disease","P10275"
"coronary heart disease","Q13224"
"coronary heart disease","Q05586"
"coronary heart disease","Q07869"
"coronary heart disease","P08913"
"coronary heart disease","O15399"
"coronary heart disease","P18505"
"coronary heart disease","P47870"
"coronary heart disease","P18507"
"coronary heart disease","P37231"
"coronary heart disease","P08235"
"coronary heart disease","O76074"
"coronary heart disease","P31645"
"coronary heart disease","Q13509"
"coronary heart disease","P51170"
"coronary heart disease","Q13936"
"coronary heart disease","Q08499"
"coronary heart disease","P07550"
"coronary heart disease","Q9Y375"
"coronary heart disease","P68363"
"coronary heart disease","P25116"
"coronary heart disease","P30542"
"coronary heart disease","P18089"
"coronary heart disease","Q9H244"
"coronary heart disease","Q13698"
"coronary heart disease","P04150"
"coronary heart disease","P35372"
"coronary heart disease","Q12879"
"coronary heart disease","Q8TCU5"
"coronary heart disease","P35354"
"coronary heart disease","P19235"
"coronary heart disease","Q9HBX9"
"coronary heart disease","P14324"
"coronary heart disease","P47989"
"coronary heart disease","P08514"
"coronary heart disease","P06756"
"coronary heart disease","P35499"
"coronary heart disease","Q14524"
"coronary heart disease","P21728"
"coronary heart disease","P30556"
"coronary heart disease","Q9BQE3"
"coronary heart disease","P23415"
"coronary heart disease","P14867"
"coronary heart disease","P00747"
"coronary heart disease","Q01064"
"coronary heart disease","P54750"
"coronary heart disease","Q14123"
"coronary heart disease","O14649"
"coronary heart disease","O43924"
"coronary heart disease","Q13370"
"coronary heart disease","P27815"
"coronary heart disease","P08588"
"coronary heart disease","Q9Y233"
"coronary heart disease","Q08493"
"coronary heart disease","Q9NPC2"
"coronary heart disease","Q07343"
"coronary heart disease","P00439"
"coronary heart disease","O43181"
"coronary heart disease","P04035"
"coronary heart disease","P29274"
"coronary heart disease","P18545"
"coronary heart disease","P48167"
"coronary heart disease","P05106"
"coronary heart disease","Q9Y3Q4"
"coronary heart disease","P19404"
"coronary heart disease","Q02153"
"coronary heart disease","P03891"
"coronary heart disease","P34995"
"coronary heart disease","Q13748"
"coronary heart disease","P04350"
"coronary heart disease","Q13885"
"coronary heart disease","Q9BVA1"
"coronary heart disease","Q9NYK1"
"coronary heart disease","Q9NR96"
"coronary heart disease","P12821"
"coronary heart disease","Q9P0J0"
"coronary heart disease","Q99808"
"coronary heart disease","Q9BUF5"
"coronary heart disease","Q3ZCM7"
"coronary heart disease","P00734"
"coronary heart disease","P48169"
"coronary heart disease","P51168"
"coronary heart disease","P14555"
"coronary heart disease","Q7Z418"
"coronary heart disease","O75489"
"coronary heart disease","O60658"
"coronary heart disease","Q01668"
"coronary heart disease","Q9H4B7"
"coronary heart disease","Q6PEY2"
"coronary heart disease","P23219"
"coronary heart disease","P43304"
"coronary heart disease","P00797"
"coronary heart disease","O96000"
"coronary heart disease","P11597"
"coronary heart disease","Q8NBP7"
"coronary heart disease","Q16795"
"coronary heart disease","P28331"
"coronary heart disease","Q13946"
"coronary heart disease","P43681"
"coronary heart disease","P33402"
"coronary heart disease","Q14957"
"coronary heart disease","O95169"
"coronary heart disease","O75380"
"coronary heart disease","P43116"
"coronary heart disease","P03905"
"coronary heart disease","O75306"
"coronary heart disease","O00408"
"coronary heart disease","O00483"
"coronary heart disease","P01008"
"coronary heart disease","P43220"
"coronary heart disease","Q8WXD0"
"coronary heart disease","P18825"
"coronary heart disease","O60391"
"coronary heart disease","P00740"
"coronary heart disease","P49821"
"coronary heart disease","P56181"
"coronary heart disease","Q02108"
"coronary heart disease","O43678"
"coronary heart disease","Q9UI09"
"coronary heart disease","P51970"
"coronary heart disease","O95139"
"coronary heart disease","O43674"
"coronary heart disease","O95182"
"coronary heart disease","O00217"
"coronary heart disease","P56556"
"coronary heart disease","Q9Y6M9"
"coronary heart disease","P03923"
"coronary heart disease","O75251"
"coronary heart disease","Q16718"
"coronary heart disease","O75438"
"coronary heart disease","P03886"
"coronary heart disease","O95168"
"coronary heart disease","P03915"
"coronary heart disease","P17787"
"drug dependence","P12931"
"drug dependence","Q8NER1"
"drug dependence","Q13224"
"drug dependence","Q05586"
"drug dependence","Q07869"
"drug dependence","P06213"
"drug dependence","P41143"
"drug dependence","P08913"
"drug dependence","P42261"
"drug dependence","P48058"
"drug dependence","O15399"
"drug dependence","P18505"
"drug dependence","P47870"
"drug dependence","P18507"
"drug dependence","P37231"
"drug dependence","P14416"
"drug dependence","P08908"
"drug dependence","P35367"
"drug dependence","P31645"
"drug dependence","P00519"
"drug dependence","P11229"
"drug dependence","Q13936"
"drug dependence","P54284"
"drug dependence","O00555"
"drug dependence","Q00975"
"drug dependence","O95180"
"drug dependence","P07550"
"drug dependence","P48039"
"drug dependence","P30542"
"drug dependence","P18089"
"drug dependence","Q13698"
"drug dependence","P04150"
"drug dependence","P21554"
"drug dependence","O75762"
"drug dependence","Q7Z2W7"
"drug dependence","P35372"
"drug dependence","Q12879"
"drug dependence","Q8TCU5"
"drug dependence","P35354"
"drug dependence","Q05940"
"drug dependence","P35348"
"drug dependence","P35499"
"drug dependence","Q14524"
"drug dependence","P41145"
"drug dependence","P35462"
"drug dependence","P41146"
"drug dependence","P23415"
"drug dependence","P14867"
"drug dependence","P39086"
"drug dependence","Q13002"
"drug dependence","P42262"
"drug dependence","P35368"
"drug dependence","Q9Y5Y9"
"drug dependence","O15554"
"drug dependence","Q9UQD0"
"drug dependence","O14649"
"drug dependence","P42263"
"drug dependence","P34998"
"drug dependence","P08588"
"drug dependence","Q08289"
"drug dependence","Q9NPC2"
"drug dependence","P09917"
"drug dependence","Q9Y698"
"drug dependence","Q01959"
"drug dependence","P29274"
"drug dependence","P48167"
"drug dependence","Q02153"
"drug dependence","P13945"
"drug dependence","P21917"
"drug dependence","P28223"
"drug dependence","P28335"
"drug dependence","P23975"
"drug dependence","Q7L0J3"
"drug dependence","Q15878"
"drug dependence","P06401"
"drug dependence","P05091"
"drug dependence","Q9NY46"
"drug dependence","Q99250"
"drug dependence","P35498"
"drug dependence","P12821"
"drug dependence","P48169"
"drug dependence","Q02641"
"drug dependence","P22303"
"drug dependence","Q7Z418"
"drug dependence","P30531"
"drug dependence","Q01668"
"drug dependence","Q9UBS5"
"drug dependence","P51649"
"drug dependence","P00918"
"drug dependence","P20711"
"drug dependence","P23219"
"drug dependence","P49286"
"drug dependence","P43681"
"drug dependence","Q13639"
"drug dependence","P33402"
"drug dependence","Q14957"
"drug dependence","P25103"
"drug dependence","Q9UI33"
"drug dependence","Q15858"
"drug dependence","Q9P0X4"
"drug dependence","O00305"
"drug dependence","P18825"
"drug dependence","P21964"
"drug dependence","O75899"
"drug dependence","O60391"
"drug dependence","P30559"
"drug dependence","Q16099"
"drug dependence","P22748"
"drug dependence","Q02108"
"drug dependence","P80404"
"drug dependence","P30926"
"drug dependence","P32297"
"drug dependence","P06276"
"drug dependence","P17787"
"drug dependence","P30532"
"hypertension","Q14432"
"hypertension","O14920"
"hypertension","P62942"
"hypertension","P37088"
"hypertension","Q8NER1"
"hypertension","P07949"
"hypertension","Q07869"
"hypertension","P04049"
"hypertension","Q16236"
"hypertension","P10721"
"hypertension","P11473"
"hypertension","P08913"
"hypertension","P18505"
"hypertension","P47870"
"hypertension","P18507"
"hypertension","P37231"
"hypertension","P08235"
"hypertension","P09619"
"hypertension","Q05397"
"hypertension","P35968"
"hypertension","P17948"
"hypertension","P16066"
"hypertension","O76074"
"hypertension","P31645"
"hypertension","P15056"
"hypertension","Q99683"
"hypertension","P00519"
"hypertension","P51170"
"hypertension","Q13936"
"hypertension","Q08499"
"hypertension","P03372"
"hypertension","P07550"
"hypertension","Q9Y375"
"hypertension","P25101"
"hypertension","P30542"
"hypertension","P18089"
"hypertension","Q9H244"
"hypertension","Q13698"
"hypertension","P04150"
"hypertension","O75762"
"hypertension","Q7Z2W7"
"hypertension","P05023"
"hypertension","P54710"
"hypertension","P30968"
"hypertension","P35354"
"hypertension","P24530"
"hypertension","P01375"
"hypertension","Q05940"
"hypertension","Q14654"
"hypertension","Q15842"
"hypertension","P43119"
"hypertension","Q9HBX9"
"hypertension","P47989"
"hypertension","P35348"
"hypertension","P35499"
"hypertension","Q14524"
"hypertension","P21728"
"hypertension","P30556"
"hypertension","P05026"
"hypertension","P14867"
"hypertension","P35368"
"hypertension","Q9Y5Y9"
"hypertension","Q92731"
"hypertension","Q9UQD0"
"hypertension","P08473"
"hypertension","Q13370"
"hypertension","P27815"
"hypertension","P08588"
"hypertension","P07101"
"hypertension","Q08493"
"hypertension","Q07343"
"hypertension","P00439"
"hypertension","O43181"
"hypertension","P04035"
"hypertension","P55017"
"hypertension","P29274"
"hypertension","P08887"
"hypertension","P35916"
"hypertension","P11511"
"hypertension","P19404"
"hypertension","Q02153"
"hypertension","P13945"
"hypertension","P03891"
"hypertension","Q14145"
"hypertension","P23975"
"hypertension","P06401"
"hypertension","Q9NY46"
"hypertension","P02708"
"hypertension","Q99250"
"hypertension","P35498"
"hypertension","P14778"
"hypertension","P12821"
"hypertension","Q9P0J0"
"hypertension","P48169"
"hypertension","P51168"
"hypertension","P36888"
"hypertension","P42081"
"hypertension","O75489"
"hypertension","Q01668"
"hypertension","O60706"
"hypertension","P21397"
"hypertension","P12268"
"hypertension","P11230"
"hypertension","Q07001"
"hypertension","Q04844"
"hypertension","P00918"
"hypertension","P23219"
"hypertension","P43304"
"hypertension","P00797"
"hypertension","O96000"
"hypertension","P43115"
"hypertension","P33681"
"hypertension","Q16795"
"hypertension","P28331"
"hypertension","P43681"
"hypertension","P33402"
"hypertension","O95169"
"hypertension","Q13621"
"hypertension","O75380"
"hypertension","Q9UI33"
"hypertension","Q15858"
"hypertension","P03905"
"hypertension","O75306"
"hypertension","O00483"
"hypertension","P01008"
"hypertension","Q8WXD0"
"hypertension","P18825"
"hypertension","P30559"
"hypertension","P22748"
"hypertension","P49821"
"hypertension","P56181"
"hypertension","Q02108"
"hypertension","O43678"
"hypertension","Q9UI09"
"hypertension","P51970"
"hypertension","O95139"
"hypertension","O43674"
"hypertension","O95182"
"hypertension","O00217"
"hypertension","P56556"
"hypertension","Q9Y6M9"
"hypertension","P03923"
"hypertension","O75251"
"hypertension","P30926"
"hypertension","P32297"
"hypertension","Q16718"
"hypertension","O75438"
"hypertension","P03886"
"hypertension","O95168"
"hypertension","P03915"
"hypertension","P14415"
"hypertension","P17787"
"multiple sclerosis","O14818"
"multiple sclerosis","P25789"
"multiple sclerosis","P60900"
"multiple sclerosis","P28070"
"multiple sclerosis","P25787"
"multiple sclerosis","P62942"
"multiple sclerosis","P37088"
"multiple sclerosis","P10275"
"multiple sclerosis","P49840"
"multiple sclerosis","Q13224"
"multiple sclerosis","Q05586"
"multiple sclerosis","P49841"
"multiple sclerosis","P22001"
"multiple sclerosis","P10721"
"multiple sclerosis","P11473"
"multiple sclerosis","P11388"
"multiple sclerosis","P01589"
"multiple sclerosis","P48551"
"multiple sclerosis","P41143"
"multiple sclerosis","P08913"
"multiple sclerosis","Q03721"
"multiple sclerosis","P26010"
"multiple sclerosis","O15399"
"multiple sclerosis","P60880"
"multiple sclerosis","Q16186"
"multiple sclerosis","P55036"
"multiple sclerosis","P09619"
"multiple sclerosis","P14416"
"multiple sclerosis","P35367"
"multiple sclerosis","P31645"
"multiple sclerosis","P51170"
"multiple sclerosis","P22607"
"multiple sclerosis","P05556"
"multiple sclerosis","Q09470"
"multiple sclerosis","Q12809"
"multiple sclerosis","P18089"
"multiple sclerosis","P04150"
"multiple sclerosis","P35372"
"multiple sclerosis","Q12879"
"multiple sclerosis","Q8TCU5"
"multiple sclerosis","P35354"
"multiple sclerosis","P16234"
"multiple sclerosis","P21453"
"multiple sclerosis","P17181"
"multiple sclerosis","Q05940"
"multiple sclerosis","P14784"
"multiple sclerosis","P22460"
"multiple sclerosis","Q9NZV8"
"multiple sclerosis","P15391"
"multiple sclerosis","P17980"
"multiple sclerosis","P35499"
"multiple sclerosis","Q14524"
"multiple sclerosis","P41145"
"multiple sclerosis","Q9UK17"
"multiple sclerosis","O43525"
"multiple sclerosis","O43526"
"multiple sclerosis","Q9Y5Y9"
"multiple sclerosis","P51787"
"multiple sclerosis","Q9UQD0"
"multiple sclerosis","O95259"
"multiple sclerosis","P29218"
"multiple sclerosis","P16389"
"multiple sclerosis","P11836"
"multiple sclerosis","P13612"
"multiple sclerosis","P22459"
"multiple sclerosis","P62195"
"multiple sclerosis","P04035"
"multiple sclerosis","P56696"
"multiple sclerosis","Q01959"
"multiple sclerosis","P31350"
"multiple sclerosis","P10828"
"multiple sclerosis","Q14721"
"multiple sclerosis","P13945"
"multiple sclerosis","Q9NR82"
"multiple sclerosis","P51665"
"multiple sclerosis","P60896"
"multiple sclerosis","P25788"
"multiple sclerosis","P35998"
"multiple sclerosis","P28074"
"multiple sclerosis","P62191"
"multiple sclerosis","Q99460"
"multiple sclerosis","O43242"
"multiple sclerosis","P28066"
"multiple sclerosis","O00232"
"multiple sclerosis","Q9UNM6"
"multiple sclerosis","P62333"
"multiple sclerosis","Q13200"
"multiple sclerosis","O00231"
"multiple sclerosis","P49720"
"multiple sclerosis","P40306"
"multiple sclerosis","P28065"
"multiple sclerosis","P43686"
"multiple sclerosis","Q99436"
"multiple sclerosis","P28072"
"multiple sclerosis","P28062"
"multiple sclerosis","P48556"
"multiple sclerosis","P25786"
"multiple sclerosis","Q15008"
"multiple sclerosis","P20618"
"multiple sclerosis","P49721"
"multiple sclerosis","O00487"
"multiple sclerosis","P28223"
"multiple sclerosis","P28335"
"multiple sclerosis","Q99500"
"multiple sclerosis","O95136"
"multiple sclerosis","Q14145"
"multiple sclerosis","P23975"
"multiple sclerosis","P17301"
"multiple sclerosis","P10827"
"multiple sclerosis","Q9NYK1"
"multiple sclerosis","Q9NY46"
"multiple sclerosis","Q99250"
"multiple sclerosis","P35498"
"multiple sclerosis","Q9NR96"
"multiple sclerosis","P31785"
"multiple sclerosis","P41597"
"multiple sclerosis","P23921"
"multiple sclerosis","Q7LG56"
"multiple sclerosis","P15692"
"multiple sclerosis","Q9Y275"
"multiple sclerosis","P51168"
"multiple sclerosis","P42081"
"multiple sclerosis","O95977"
"multiple sclerosis","P12268"
"multiple sclerosis","Q9UBS5"
"multiple sclerosis","Q8TAA3"
"multiple sclerosis","P00918"
"multiple sclerosis","Q9NPF7"
"multiple sclerosis","P29460"
"multiple sclerosis","P29459"
"multiple sclerosis","P23219"
"multiple sclerosis","Q9H228"
"multiple sclerosis","P33681"
"multiple sclerosis","Q14957"
"multiple sclerosis","Q9UI33"
"multiple sclerosis","Q15858"
"multiple sclerosis","Q9NSA2"
"multiple sclerosis","Q01718"
"multiple sclerosis","P01031"
"multiple sclerosis","P18825"
"multiple sclerosis","O75899"
"multiple sclerosis","O60391"
"multiple sclerosis","P48547"
"multiple sclerosis","Q16552"
"multiple sclerosis","Q8TAE7"
"multiple sclerosis","Q9BQ31"
"multiple sclerosis","Q9UIX4"
"multiple sclerosis","Q9UJ96"
"multiple sclerosis","P22748"
"multiple sclerosis","Q16322"
"multiple sclerosis","Q8NCM2"
"obesity","Q14432"
"obesity","P07437"
"obesity","P68371"
"obesity","Q71U36"
"obesity","P68366"
"obesity","Q8NER1"
"obesity","P10275"
"obesity","Q13224"
"obesity","Q05586"
"obesity","P06213"
"obesity","P11473"
"obesity","P41143"
"obesity","P08913"
"obesity","P42261"
"obesity","P48058"
"obesity","O15399"
"obesity","P18505"
"obesity","P47870"
"obesity","P18507"
"obesity","P60880"
"obesity","P37231"
"obesity","P14416"
"obesity","P16066"
"obesity","O76074"
"obesity","P31645"
"obesity","Q13509"
"obesity","Q08499"
"obesity","P07550"
"obesity","Q9Y375"
"obesity","P68363"
"obesity","P18089"
"obesity","P04150"
"obesity","P21554"
"obesity","P35372"
"obesity","Q12879"
"obesity","Q8TCU5"
"obesity","P30968"
"obesity","P35354"
"obesity","Q14654"
"obesity","Q15842"
"obesity","P35499"
"obesity","Q14524"
"obesity","P30874"
"obesity","P41145"
"obesity","P30872"
"obesity","Q96RI1"
"obesity","Q9BQE3"
"obesity","P23415"
"obesity","P14867"
"obesity","P39086"
"obesity","Q13002"
"obesity","P42262"
"obesity","Q9Y5Y9"
"obesity","Q01064"
"obesity","P54750"
"obesity","Q14123"
"obesity","Q9UQD0"
"obesity","O14649"
"obesity","O43924"
"obesity","Q13370"
"obesity","P42263"
"obesity","P27815"
"obesity","P32245"
"obesity","P08588"
"obesity","Q9Y233"
"obesity","Q08493"
"obesity","Q9NPC2"
"obesity","Q07343"
"obesity","O43181"
"obesity","P04035"
"obesity","Q01959"
"obesity","P35346"
"obesity","P29274"
"obesity","P18545"
"obesity","P11511"
"obesity","P48167"
"obesity","P19404"
"obesity","P13945"
"obesity","P03891"
"obesity","P28335"
"obesity","P34995"
"obesity","P30988"
"obesity","P23975"
"obesity","Q13748"
"obesity","P10912"
"obesity","P04350"
"obesity","Q13885"
"obesity","Q9BVA1"
"obesity","P06401"
"obesity","Q9NY46"
"obesity","P02708"
"obesity","Q99250"
"obesity","P35498"
"obesity","P12821"
"obesity","Q9P0J0"
"obesity","P48357"
"obesity","Q9BUF5"
"obesity","Q3ZCM7"
"obesity","P00742"
"obesity","P48169"
"obesity","P27487"
"obesity","P32745"
"obesity","P22303"
"obesity","Q7Z418"
"obesity","O75489"
"obesity","O60658"
"obesity","Q9H4B7"
"obesity","P11230"
"obesity","Q6PEY2"
"obesity","Q07001"
"obesity","Q04844"
"obesity","P00918"
"obesity","P23219"
"obesity","P43304"
"obesity","O96000"
"obesity","P43115"
"obesity","Q16795"
"obesity","P28331"
"obesity","Q13946"
"obesity","Q14957"
"obesity","O95169"
"obesity","O75380"
"obesity","P47871"
"obesity","P43116"
"obesity","Q9UI33"
"obesity","Q15858"
"obesity","P03905"
"obesity","O75306"
"obesity","O00408"
"obesity","O00483"
"obesity","P01008"
"obesity","P43220"
"obesity","Q15761"
"obesity","P31391"
"obesity","Q16602"
"obesity","O60894"
"obesity","P18825"
"obesity","P21964"
"obesity","O60391"
"obesity","P30559"
"obesity","Q16099"
"obesity","P22748"
"obesity","P49821"
"obesity","P56181"
"obesity","O43678"
"obesity","Q9UI09"
"obesity","P51970"
"obesity","O95139"
"obesity","O43674"
"obesity","O95182"
"obesity","O00217"
"obesity","P56556"
"obesity","Q9Y6M9"
"obesity","P03923"
"obesity","O75251"
"obesity","Q16718"
"obesity","O75438"
"obesity","P03886"
"obesity","O95168"
"obesity","P03915"
"Parkinson's disease","Q02779"
"Parkinson's disease","Q8NER1"
"Parkinson's disease","Q13224"
"Parkinson's disease","Q05586"
"Parkinson's disease","P22001"
"Parkinson's disease","P11473"
"Parkinson's disease","P32927"
"Parkinson's disease","P41143"
"Parkinson's disease","P08913"
"Parkinson's disease","P42261"
"Parkinson's disease","P48058"
"Parkinson's disease","Q03721"
"Parkinson's disease","O15399"
"Parkinson's disease","P18505"
"Parkinson's disease","P47870"
"Parkinson's disease","P18507"
"Parkinson's disease","P41594"
"Parkinson's disease","P60880"
"Parkinson's disease","Q99062"
"Parkinson's disease","P37231"
"Parkinson's disease","P08235"
"Parkinson's disease","P14416"
"Parkinson's disease","P08908"
"Parkinson's disease","P21918"
"Parkinson's disease","O76074"
"Parkinson's disease","P35367"
"Parkinson's disease","P00519"
"Parkinson's disease","P11229"
"Parkinson's disease","Q13936"
"Parkinson's disease","Q00975"
"Parkinson's disease","Q09470"
"Parkinson's disease","P03372"
"Parkinson's disease","P07550"
"Parkinson's disease","Q12809"
"Parkinson's disease","P48039"
"Parkinson's disease","P30542"
"Parkinson's disease","P18089"
"Parkinson's disease","Q13698"
"Parkinson's disease","P04150"
"Parkinson's disease","P21554"
"Parkinson's disease","P35372"
"Parkinson's disease","Q12879"
"Parkinson's disease","Q8TCU5"
"Parkinson's disease","P20309"
"Parkinson's disease","P19793"
"Parkinson's disease","P28702"
"Parkinson's disease","P48443"
"Parkinson's disease","P22460"
"Parkinson's disease","Q9NZV8"
"Parkinson's disease","P08172"
"Parkinson's disease","P35348"
"Parkinson's disease","P35499"
"Parkinson's disease","Q14524"
"Parkinson's disease","P41145"
"Parkinson's disease","P21728"
"Parkinson's disease","P35462"
"Parkinson's disease","Q9UK17"
"Parkinson's disease","O43525"
"Parkinson's disease","O43526"
"Parkinson's disease","Q96RI1"
"Parkinson's disease","P14867"
"Parkinson's disease","P42262"
"Parkinson's disease","P35368"
"Parkinson's disease","Q9Y5Y9"
"Parkinson's disease","Q12852"
"Parkinson's disease","P51787"
"Parkinson's disease","Q92731"
"Parkinson's disease","Q9UQD0"
"Parkinson's disease","O95259"
"Parkinson's disease","P16389"
"Parkinson's disease","P15509"
"Parkinson's disease","P42263"
"Parkinson's disease","P22459"
"Parkinson's disease","P08588"
"Parkinson's disease","P04035"
"Parkinson's disease","P56696"
"Parkinson's disease","Q01959"
"Parkinson's disease","P29274"
"Parkinson's disease","Q14721"
"Parkinson's disease","P13945"
"Parkinson's disease","P21917"
"Parkinson's disease","Q9NR82"
"Parkinson's disease","P28223"
"Parkinson's disease","P28335"
"Parkinson's disease","P23975"
"Parkinson's disease","Q7L0J3"
"Parkinson's disease","Q16584"
"Parkinson's disease","Q9NY46"
"Parkinson's disease","Q99250"
"Parkinson's disease","P35498"
"Parkinson's disease","O43283"
"Parkinson's disease","P48169"
"Parkinson's disease","P22303"
"Parkinson's disease","P80192"
"Parkinson's disease","Q01668"
"Parkinson's disease","Q9UBS5"
"Parkinson's disease","P20711"
"Parkinson's disease","P49286"
"Parkinson's disease","P43681"
"Parkinson's disease","Q14957"
"Parkinson's disease","Q9UI33"
"Parkinson's disease","Q15858"
"Parkinson's disease","Q9NSA2"
"Parkinson's disease","P43220"
"Parkinson's disease","P18825"
"Parkinson's disease","P21964"
"Parkinson's disease","O75899"
"Parkinson's disease","O60391"
"Parkinson's disease","P48547"
"Parkinson's disease","Q8TAE7"
"Parkinson's disease","Q9BQ31"
"Parkinson's disease","Q9UIX4"
"Parkinson's disease","Q9UJ96"
"Parkinson's disease","Q16322"
"Parkinson's disease","Q8NCM2"
"Parkinson's disease","P06276"
"Parkinson's disease","P17787"
"psoriasis","P17252"
"psoriasis","Q13233"
"psoriasis","P00374"
"psoriasis","Q8NER1"
"psoriasis","P05771"
"psoriasis","P05129"
"psoriasis","P07949"
"psoriasis","Q02156"
"psoriasis","Q16620"
"psoriasis","P00533"
"psoriasis","Q15139"
"psoriasis","P05107"
"psoriasis","P10721"
"psoriasis","P11473"
"psoriasis","P01589"
"psoriasis","P48551"
"psoriasis","P18505"
"psoriasis","P47870"
"psoriasis","P18507"
"psoriasis","P60880"
"psoriasis","O60674"
"psoriasis","P09619"
"psoriasis","P14416"
"psoriasis","Q05655"
"psoriasis","P31645"
"psoriasis","Q04759"
"psoriasis","Q05513"
"psoriasis","P41743"
"psoriasis","P16109"
"psoriasis","P22607"
"psoriasis","P23458"
"psoriasis","P29597"
"psoriasis","Q08499"
"psoriasis","Q16539"
"psoriasis","P25025"
"psoriasis","P25024"
"psoriasis","P04150"
"psoriasis","P04629"
"psoriasis","P16234"
"psoriasis","P21453"
"psoriasis","P17181"
"psoriasis","P01375"
"psoriasis","P14784"
"psoriasis","P19793"
"psoriasis","P10276"
"psoriasis","P28702"
"psoriasis","P48443"
"psoriasis","P24723"
"psoriasis","P01583"
"psoriasis","Q02750"
"psoriasis","P06756"
"psoriasis","P14151"
"psoriasis","O94806"
"psoriasis","P14867"
"psoriasis","P06729"
"psoriasis","P27815"
"psoriasis","Q08493"
"psoriasis","Q07343"
"psoriasis","P04035"
"psoriasis","Q01959"
"psoriasis","P52333"
"psoriasis","P07766"
"psoriasis","P05106"
"psoriasis","Q99500"
"psoriasis","O95136"
"psoriasis","Q14145"
"psoriasis","P23975"
"psoriasis","Q16288"
"psoriasis","P03956"
"psoriasis","P16581"
"psoriasis","P10826"
"psoriasis","P13631"
"psoriasis","P62937"
"psoriasis","P31785"
"psoriasis","P48169"
"psoriasis","P36888"
"psoriasis","P27487"
"psoriasis","P22894"
"psoriasis","P42081"
"psoriasis","O95977"
"psoriasis","P09237"
"psoriasis","P20701"
"psoriasis","P45452"
"psoriasis","Q9NPF7"
"psoriasis","P29460"
"psoriasis","P29459"
"psoriasis","Q96F46"
"psoriasis","Q9H228"
"psoriasis","P33681"
"psoriasis","Q9H3N8"
"psoriasis","Q16552"
"rheumatoid arthritis","Q14432"
"rheumatoid arthritis","P62942"
"rheumatoid arthritis","P00374"
"rheumatoid arthritis","Q06187"
"rheumatoid arthritis","P10721"
"rheumatoid arthritis","P48736"
"rheumatoid arthritis","P26010"
"rheumatoid arthritis","P37231"
"rheumatoid arthritis","O60674"
"rheumatoid arthritis","P07333"
"rheumatoid arthritis","P09619"
"rheumatoid arthritis","O76074"
"rheumatoid arthritis","P31645"
"rheumatoid arthritis","P22607"
"rheumatoid arthritis","P23458"
"rheumatoid arthritis","P05556"
"rheumatoid arthritis","P29597"
"rheumatoid arthritis","O00329"
"rheumatoid arthritis","Q08499"
"rheumatoid arthritis","Q16539"
"rheumatoid arthritis","P51681"
"rheumatoid arthritis","P04150"
"rheumatoid arthritis","P05023"
"rheumatoid arthritis","P54710"
"rheumatoid arthritis","P30968"
"rheumatoid arthritis","P35354"
"rheumatoid arthritis","P16234"
"rheumatoid arthritis","P01375"
"rheumatoid arthritis","Q03431"
"rheumatoid arthritis","P01584"
"rheumatoid arthritis","P14324"
"rheumatoid arthritis","P43405"
"rheumatoid arthritis","P06756"
"rheumatoid arthritis","P05026"
"rheumatoid arthritis","P01730"
"rheumatoid arthritis","Q01064"
"rheumatoid arthritis","P54750"
"rheumatoid arthritis","Q14123"
"rheumatoid arthritis","O43924"
"rheumatoid arthritis","Q13370"
"rheumatoid arthritis","P11836"
"rheumatoid arthritis","P27815"
"rheumatoid arthritis","Q8IW41"
"rheumatoid arthritis","P13612"
"rheumatoid arthritis","Q9Y233"
"rheumatoid arthritis","Q08493"
"rheumatoid arthritis","Q07343"
"rheumatoid arthritis","P09917"
"rheumatoid arthritis","P04035"
"rheumatoid arthritis","P52333"
"rheumatoid arthritis","P07766"
"rheumatoid arthritis","P08887"
"rheumatoid arthritis","P18545"
"rheumatoid arthritis","P05106"
"rheumatoid arthritis","P23975"
"rheumatoid arthritis","P03956"
"rheumatoid arthritis","P14778"
"rheumatoid arthritis","O14788"
"rheumatoid arthritis","Q06643"
"rheumatoid arthritis","P01374"
"rheumatoid arthritis","Q99808"
"rheumatoid arthritis","P32246"
"rheumatoid arthritis","Q9Y275"
"rheumatoid arthritis","P36888"
"rheumatoid arthritis","P22894"
"rheumatoid arthritis","P05231"
"rheumatoid arthritis","P42081"
"rheumatoid arthritis","O60658"
"rheumatoid arthritis","P09237"
"rheumatoid arthritis","P45452"
"rheumatoid arthritis","P23219"
"rheumatoid arthritis","Q99572"
"rheumatoid arthritis","Q96F46"
"rheumatoid arthritis","P33681"
"rheumatoid arthritis","Q13946"
"rheumatoid arthritis","O00408"
"rheumatoid arthritis","Q9H3N8"
"rheumatoid arthritis","Q01718"
"rheumatoid arthritis","Q16552"
"rheumatoid arthritis","P14415"
"schizophrenia","P07437"
"schizophrenia","P68371"
"schizophrenia","Q71U36"
"schizophrenia","P68366"
"schizophrenia","Q13224"
"schizophrenia","Q05586"
"schizophrenia","P06213"
"schizophrenia","P41143"
"schizophrenia","P08913"
"schizophrenia","P42261"
"schizophrenia","P48058"
"schizophrenia","O15399"
"schizophrenia","P37231"
"schizophrenia","P14416"
"schizophrenia","P08908"
"schizophrenia","P21918"
"schizophrenia","P31645"
"schizophrenia","Q13509"
"schizophrenia","Q13936"
"schizophrenia","P54284"
"schizophrenia","Q08499"
"schizophrenia","O00555"
"schizophrenia","Q00975"
"schizophrenia","O95180"
"schizophrenia","Q9Y375"
"schizophrenia","P68363"
"schizophrenia","P18089"
"schizophrenia","Q13698"
"schizophrenia","P21554"
"schizophrenia","P35372"
"schizophrenia","Q12879"
"schizophrenia","Q8TCU5"
"schizophrenia","P35354"
"schizophrenia","P21453"
"schizophrenia","Q05940"
"schizophrenia","P19793"
"schizophrenia","P28702"
"schizophrenia","P48443"
"schizophrenia","P35499"
"schizophrenia","Q14524"
"schizophrenia","P41145"
"schizophrenia","P21728"
"schizophrenia","P35462"
"schizophrenia","Q9BQE3"
"schizophrenia","P42262"
"schizophrenia","P48067"
"schizophrenia","Q9Y5Y9"
"schizophrenia","Q92731"
"schizophrenia","Q9UQD0"
"schizophrenia","P42263"
"schizophrenia","P27815"
"schizophrenia","Q08289"
"schizophrenia","Q08493"
"schizophrenia","Q07343"
"schizophrenia","O43181"
"schizophrenia","Q9Y698"
"schizophrenia","Q01959"
"schizophrenia","P08887"
"schizophrenia","P36544"
"schizophrenia","P19404"
"schizophrenia","Q02153"
"schizophrenia","P21917"
"schizophrenia","P03891"
"schizophrenia","P28223"
"schizophrenia","P28335"
"schizophrenia","Q99500"
"schizophrenia","O95136"
"schizophrenia","P41595"
"schizophrenia","P50406"
"schizophrenia","P23975"
"schizophrenia","Q13748"
"schizophrenia","Q15878"
"schizophrenia","P04350"
"schizophrenia","Q13885"
"schizophrenia","Q9BVA1"
"schizophrenia","Q9NY46"
"schizophrenia","Q99250"
"schizophrenia","P35498"
"schizophrenia","Q9P0J0"
"schizophrenia","Q9BUF5"
"schizophrenia","Q3ZCM7"
"schizophrenia","P27487"
"schizophrenia","Q02641"
"schizophrenia","P22303"
"schizophrenia","P05231"
"schizophrenia","O75489"
"schizophrenia","O95977"
"schizophrenia","P30531"
"schizophrenia","Q01668"
"schizophrenia","Q9H4B7"
"schizophrenia","Q14832"
"schizophrenia","Q9UBS5"
"schizophrenia","Q6PEY2"
"schizophrenia","P51649"
"schizophrenia","P43304"
"schizophrenia","O96000"
"schizophrenia","Q9H228"
"schizophrenia","Q16795"
"schizophrenia","P28331"
"schizophrenia","P43681"
"schizophrenia","P33402"
"schizophrenia","Q14957"
"schizophrenia","O95169"
"schizophrenia","O75380"
"schizophrenia","Q9UI33"
"schizophrenia","Q15858"
"schizophrenia","P03905"
"schizophrenia","O75306"
"schizophrenia","Q9P0X4"
"schizophrenia","O00305"
"schizophrenia","O00483"
"schizophrenia","P18825"
"schizophrenia","O75899"
"schizophrenia","O60391"
"schizophrenia","Q14416"
"schizophrenia","P30559"
"schizophrenia","P29371"
"schizophrenia","P49821"
"schizophrenia","P56181"
"schizophrenia","Q02108"
"schizophrenia","O43678"
"schizophrenia","Q9UI09"
"schizophrenia","P51970"
"schizophrenia","O95139"
"schizophrenia","O43674"
"schizophrenia","O95182"
"schizophrenia","O00217"
"schizophrenia","P56556"
"schizophrenia","Q9Y6M9"
"schizophrenia","P03923"
"schizophrenia","O75251"
"schizophrenia","Q16718"
"schizophrenia","O75438"
"schizophrenia","P03886"
"schizophrenia","O95168"
"schizophrenia","P03915"
"schizophrenia","P17787"
"stroke","P49840"
"stroke","Q13224"
"stroke","Q05586"
"stroke","P49841"
"stroke","P22001"
"stroke","P08913"
"stroke","Q03721"
"stroke","O15399"
"stroke","P18505"
"stroke","P47870"
"stroke","P18507"
"stroke","P60880"
"stroke","P37231"
"stroke","P08235"
"stroke","P08908"
"stroke","O76074"
"stroke","P35367"
"stroke","P31645"
"stroke","Q13936"
"stroke","Q00975"
"stroke","Q09470"
"stroke","P07550"
"stroke","Q12809"
"stroke","P25116"
"stroke","P18089"
"stroke","Q9H244"
"stroke","Q13698"
"stroke","Q12879"
"stroke","Q8TCU5"
"stroke","P35354"
"stroke","P21453"
"stroke","Q05940"
"stroke","P22460"
"stroke","Q9NZV8"
"stroke","P47989"
"stroke","P02751"
"stroke","P02458"
"stroke","Q01955"
"stroke","P35348"
"stroke","P35499"
"stroke","Q14524"
"stroke","P35462"
"stroke","P30556"
"stroke","Q9UK17"
"stroke","O43525"
"stroke","O43526"
"stroke","P14867"
"stroke","P35368"
"stroke","Q9Y5Y9"
"stroke","P00747"
"stroke","P51787"
"stroke","Q9UQD0"
"stroke","O95259"
"stroke","P29218"
"stroke","P16389"
"stroke","P22459"
"stroke","P08588"
"stroke","P04035"
"stroke","P56696"
"stroke","Q01959"
"stroke","Q14721"
"stroke","Q02153"
"stroke","P13945"
"stroke","Q9NR82"
"stroke","Q99500"
"stroke","O95136"
"stroke","P23975"
"stroke","P20916"
"stroke","Q7L0J3"
"stroke","P02452"
"stroke","P08123"
"stroke","P25391"
"stroke","P13942"
"stroke","Q9NY46"
"stroke","Q99250"
"stroke","P35498"
"stroke","P12821"
"stroke","P00734"
"stroke","P00742"
"stroke","P48169"
"stroke","P39060"
"stroke","P22303"
"stroke","O95977"
"stroke","Q01668"
"stroke","P02462"
"stroke","P20908"
"stroke","P08572"
"stroke","Q14031"
"stroke","P53420"
"stroke","P29400"
"stroke","P12110"
"stroke","P23219"
"stroke","P11047"
"stroke","P05997"
"stroke","P02461"
"stroke","P12107"
"stroke","Q9H228"
"stroke","P12111"
"stroke","P07942"
"stroke","P12109"
"stroke","P33402"
"stroke","Q14957"
"stroke","Q9UI33"
"stroke","Q15858"
"stroke","Q9NSA2"
"stroke","P24043"
"stroke","P01008"
"stroke","Q16787"
"stroke","P43220"
"stroke","O15230"
"stroke","P18825"
"stroke","O60391"
"stroke","P48547"
"stroke","Q16363"
"stroke","Q8TAE7"
"stroke","Q9BQ31"
"stroke","Q9UIX4"
"stroke","Q9UJ96"
"stroke","Q02108"
"stroke","Q13751"
"stroke","Q16322"
"stroke","Q8NCM2"
"stroke","Q13753"
"systemic lupus erythematosus","P07437"
"systemic lupus erythematosus","P68371"
"systemic lupus erythematosus","Q71U36"
"systemic lupus erythematosus","P68366"
"systemic lupus erythematosus","P62942"
"systemic lupus erythematosus","Q06187"
"systemic lupus erythematosus","P11473"
"systemic lupus erythematosus","P37231"
"systemic lupus erythematosus","O60674"
"systemic lupus erythematosus","Q13509"
"systemic lupus erythematosus","P10415"
"systemic lupus erythematosus","P23458"
"systemic lupus erythematosus","P29597"
"systemic lupus erythematosus","Q08499"
"systemic lupus erythematosus","P45983"
"systemic lupus erythematosus","Q9Y375"
"systemic lupus erythematosus","P68363"
"systemic lupus erythematosus","P04150"
"systemic lupus erythematosus","P30968"
"systemic lupus erythematosus","Q16881"
"systemic lupus erythematosus","P21453"
"systemic lupus erythematosus","P45984"
"systemic lupus erythematosus","P53779"
"systemic lupus erythematosus","P43405"
"systemic lupus erythematosus","Q9BQE3"
"systemic lupus erythematosus","P11836"
"systemic lupus erythematosus","P27815"
"systemic lupus erythematosus","Q08493"
"systemic lupus erythematosus","Q07343"
"systemic lupus erythematosus","O43181"
"systemic lupus erythematosus","P04035"
"systemic lupus erythematosus","P52333"
"systemic lupus erythematosus","P10828"
"systemic lupus erythematosus","P19404"
"systemic lupus erythematosus","P03891"
"systemic lupus erythematosus","Q99500"
"systemic lupus erythematosus","O95136"
"systemic lupus erythematosus","Q13748"
"systemic lupus erythematosus","P03956"
"systemic lupus erythematosus","P04350"
"systemic lupus erythematosus","Q13885"
"systemic lupus erythematosus","Q9BVA1"
"systemic lupus erythematosus","P10827"
"systemic lupus erythematosus","P28908"
"systemic lupus erythematosus","Q9NYK1"
"systemic lupus erythematosus","Q9NR96"
"systemic lupus erythematosus","Q9P0J0"
"systemic lupus erythematosus","Q9BUF5"
"systemic lupus erythematosus","Q3ZCM7"
"systemic lupus erythematosus","Q9Y275"
"systemic lupus erythematosus","P29965"
"systemic lupus erythematosus","P22894"
"systemic lupus erythematosus","P05231"
"systemic lupus erythematosus","P42081"
"systemic lupus erythematosus","O75489"
"systemic lupus erythematosus","O95977"
"systemic lupus erythematosus","Q9H4B7"
"systemic lupus erythematosus","P12268"
"systemic lupus erythematosus","P09237"
"systemic lupus erythematosus","Q6PEY2"
"systemic lupus erythematosus","P45452"
"systemic lupus erythematosus","Q9NPF7"
"systemic lupus erythematosus","P29460"
"systemic lupus erythematosus","P29459"
"systemic lupus erythematosus","P43304"
"systemic lupus erythematosus","O96000"
"systemic lupus erythematosus","Q9H228"
"systemic lupus erythematosus","P33681"
"systemic lupus erythematosus","Q16795"
"systemic lupus erythematosus","P28331"
"systemic lupus erythematosus","O95169"
"systemic lupus erythematosus","O75380"
"systemic lupus erythematosus","P03905"
"systemic lupus erythematosus","O75306"
"systemic lupus erythematosus","O00483"
"systemic lupus erythematosus","Q01718"
"systemic lupus erythematosus","P49821"
"systemic lupus erythematosus","P56181"
"systemic lupus erythematosus","O43678"
"systemic lupus erythematosus","Q9UI09"
"systemic lupus erythematosus","P51970"
"systemic lupus erythematosus","O95139"
"systemic lupus erythematosus","O43674"
"systemic lupus erythematosus","O95182"
"systemic lupus erythematosus","O00217"
"systemic lupus erythematosus","P56556"
"systemic lupus erythematosus","Q9Y6M9"
"systemic lupus erythematosus","P03923"
"systemic lupus erythematosus","O75251"
"systemic lupus erythematosus","Q16718"
"systemic lupus erythematosus","O75438"
"systemic lupus erythematosus","P03886"
"systemic lupus erythematosus","O95168"
"systemic lupus erythematosus","P03915"
"type I diabetes mellitus","P62942"
"type I diabetes mellitus","Q8NER1"
"type I diabetes mellitus","P05771"
"type I diabetes mellitus","P05107"
"type I diabetes mellitus","P06213"
"type I diabetes mellitus","P10721"
"type I diabetes mellitus","P11473"
"type I diabetes mellitus","P01589"
"type I diabetes mellitus","P41143"
"type I diabetes mellitus","P37231"
"type I diabetes mellitus","P09619"
"type I diabetes mellitus","P14416"
"type I diabetes mellitus","P00519"
"type I diabetes mellitus","Q13936"
"type I diabetes mellitus","P07550"
"type I diabetes mellitus","Q9Y375"
"type I diabetes mellitus","P25025"
"type I diabetes mellitus","P25024"
"type I diabetes mellitus","Q13698"
"type I diabetes mellitus","P35372"
"type I diabetes mellitus","P35354"
"type I diabetes mellitus","P01375"
"type I diabetes mellitus","P14784"
"type I diabetes mellitus","Q09428"
"type I diabetes mellitus","Q14654"
"type I diabetes mellitus","Q15842"
"type I diabetes mellitus","P01584"
"type I diabetes mellitus","P47989"
"type I diabetes mellitus","P41145"
"type I diabetes mellitus","P35462"
"type I diabetes mellitus","P30556"
"type I diabetes mellitus","P13866"
"type I diabetes mellitus","P06729"
"type I diabetes mellitus","P11836"
"type I diabetes mellitus","O43181"
"type I diabetes mellitus","P04035"
"type I diabetes mellitus","P07766"
"type I diabetes mellitus","P08887"
"type I diabetes mellitus","P19404"
"type I diabetes mellitus","P21917"
"type I diabetes mellitus","P03891"
"type I diabetes mellitus","P14778"
"type I diabetes mellitus","P12821"
"type I diabetes mellitus","Q9P0J0"
"type I diabetes mellitus","P31785"
"type I diabetes mellitus","P48357"
"type I diabetes mellitus","P27487"
"type I diabetes mellitus","P05231"
"type I diabetes mellitus","P42081"
"type I diabetes mellitus","O75489"
"type I diabetes mellitus","Q01668"
"type I diabetes mellitus","P20701"
"type I diabetes mellitus","Q9NPF7"
"type I diabetes mellitus","P29460"
"type I diabetes mellitus","P29459"
"type I diabetes mellitus","P23219"
"type I diabetes mellitus","P43304"
"type I diabetes mellitus","O96000"
"type I diabetes mellitus","P33681"
"type I diabetes mellitus","Q16795"
"type I diabetes mellitus","P28331"
"type I diabetes mellitus","O95169"
"type I diabetes mellitus","O75380"
"type I diabetes mellitus","P47871"
"type I diabetes mellitus","P03905"
"type I diabetes mellitus","O75306"
"type I diabetes mellitus","O00483"
"type I diabetes mellitus","P43220"
"type I diabetes mellitus","Q16552"
"type I diabetes mellitus","P49821"
"type I diabetes mellitus","P56181"
"type I diabetes mellitus","O43678"
"type I diabetes mellitus","Q9UI09"
"type I diabetes mellitus","P51970"
"type I diabetes mellitus","O95139"
"type I diabetes mellitus","O43674"
"type I diabetes mellitus","O95182"
"type I diabetes mellitus","O00217"
"type I diabetes mellitus","P56556"
"type I diabetes mellitus","Q9Y6M9"
"type I diabetes mellitus","P03923"
"type I diabetes mellitus","O75251"
"type I diabetes mellitus","Q16718"
"type I diabetes mellitus","O75438"
"type I diabetes mellitus","P03886"
"type I diabetes mellitus","O95168"
"type I diabetes mellitus","P03915"
"type II diabetes mellitus","Q14432"
"type II diabetes mellitus","P62942"
"type II diabetes mellitus","P10275"
"type II diabetes mellitus","Q07869"
"type II diabetes mellitus","P06213"
"type II diabetes mellitus","P11473"
"type II diabetes mellitus","P18505"
"type II diabetes mellitus","P47870"
"type II diabetes mellitus","P18507"
"type II diabetes mellitus","P37231"
"type II diabetes mellitus","P08235"
"type II diabetes mellitus","P14416"
"type II diabetes mellitus","O76074"
"type II diabetes mellitus","Q13936"
"type II diabetes mellitus","Q08499"
"type II diabetes mellitus","P07550"
"type II diabetes mellitus","Q9Y375"
"type II diabetes mellitus","P25101"
"type II diabetes mellitus","Q9H244"
"type II diabetes mellitus","Q13698"
"type II diabetes mellitus","P21554"
"type II diabetes mellitus","P05023"
"type II diabetes mellitus","P54710"
"type II diabetes mellitus","P35354"
"type II diabetes mellitus","P24530"
"type II diabetes mellitus","P20309"
"type II diabetes mellitus","Q09428"
"type II diabetes mellitus","Q14654"
"type II diabetes mellitus","Q15842"
"type II diabetes mellitus","P01584"
"type II diabetes mellitus","P01583"
"type II diabetes mellitus","P43119"
"type II diabetes mellitus","P47989"
"type II diabetes mellitus","P08172"
"type II diabetes mellitus","P35499"
"type II diabetes mellitus","Q14524"
"type II diabetes mellitus","P35462"
"type II diabetes mellitus","P30556"
"type II diabetes mellitus","P05026"
"type II diabetes mellitus","P13866"
"type II diabetes mellitus","Q96RI1"
"type II diabetes mellitus","P14867"
"type II diabetes mellitus","Q01064"
"type II diabetes mellitus","P54750"
"type II diabetes mellitus","Q14123"
"type II diabetes mellitus","O43924"
"type II diabetes mellitus","Q13370"
"type II diabetes mellitus","P27815"
"type II diabetes mellitus","P08588"
"type II diabetes mellitus","Q9Y233"
"type II diabetes mellitus","Q08493"
"type II diabetes mellitus","Q07343"
"type II diabetes mellitus","O43181"
"type II diabetes mellitus","P04035"
"type II diabetes mellitus","P55017"
"type II diabetes mellitus","P29274"
"type II diabetes mellitus","P36544"
"type II diabetes mellitus","P18545"
"type II diabetes mellitus","P19404"
"type II diabetes mellitus","P21917"
"type II diabetes mellitus","P03891"
"type II diabetes mellitus","Q9NYK1"
"type II diabetes mellitus","Q9NR96"
"type II diabetes mellitus","P12821"
"type II diabetes mellitus","Q9P0J0"
"type II diabetes mellitus","P41597"
"type II diabetes mellitus","P00742"
"type II diabetes mellitus","P48169"
"type II diabetes mellitus","P27487"
"type II diabetes mellitus","O75489"
"type II diabetes mellitus","O60658"
"type II diabetes mellitus","Q01668"
"type II diabetes mellitus","P23219"
"type II diabetes mellitus","P43304"
"type II diabetes mellitus","P00797"
"type II diabetes mellitus","O96000"
"type II diabetes mellitus","Q16795"
"type II diabetes mellitus","P28331"
"type II diabetes mellitus","Q13946"
"type II diabetes mellitus","O95169"
"type II diabetes mellitus","Q13621"
"type II diabetes mellitus","O75380"
"type II diabetes mellitus","P47871"
"type II diabetes mellitus","Q13258"
"type II diabetes mellitus","P03905"
"type II diabetes mellitus","O75306"
"type II diabetes mellitus","O00408"
"type II diabetes mellitus","O00483"
"type II diabetes mellitus","P43220"
"type II diabetes mellitus","P49821"
"type II diabetes mellitus","P56181"
"type II diabetes mellitus","O43678"
"type II diabetes mellitus","Q9UI09"
"type II diabetes mellitus","P51970"
"type II diabetes mellitus","O95139"
"type II diabetes mellitus","O43674"
"type II diabetes mellitus","O95182"
"type II diabetes mellitus","O00217"
"type II diabetes mellitus","P56556"
"type II diabetes mellitus","Q9Y6M9"
"type II diabetes mellitus","P03923"
"type II diabetes mellitus","O75251"
"type II diabetes mellitus","Q16718"
"type II diabetes mellitus","O75438"
"type II diabetes mellitus","P03886"
"type II diabetes mellitus","O95168"
"type II diabetes mellitus","P03915"
"type II diabetes mellitus","P14415"
"type II diabetes mellitus","P04746"
"ulcerative colitis","P17252"
"ulcerative colitis","P62942"
"ulcerative colitis","P00374"
"ulcerative colitis","P05771"
"ulcerative colitis","P05129"
"ulcerative colitis","Q02156"
"ulcerative colitis","Q15139"
"ulcerative colitis","P11473"
"ulcerative colitis","P01589"
"ulcerative colitis","P48551"
"ulcerative colitis","P26010"
"ulcerative colitis","P37231"
"ulcerative colitis","O60674"
"ulcerative colitis","Q05655"
"ulcerative colitis","Q04759"
"ulcerative colitis","Q05513"
"ulcerative colitis","P41743"
"ulcerative colitis","P23458"
"ulcerative colitis","P29597"
"ulcerative colitis","Q08499"
"ulcerative colitis","P25025"
"ulcerative colitis","P04150"
"ulcerative colitis","P21554"
"ulcerative colitis","P35354"
"ulcerative colitis","P21453"
"ulcerative colitis","P17181"
"ulcerative colitis","P01375"
"ulcerative colitis","P14784"
"ulcerative colitis","P24723"
"ulcerative colitis","O94806"
"ulcerative colitis","P11836"
"ulcerative colitis","P27815"
"ulcerative colitis","P13612"
"ulcerative colitis","Q08493"
"ulcerative colitis","Q07343"
"ulcerative colitis","P09917"
"ulcerative colitis","P52333"
"ulcerative colitis","P07766"
"ulcerative colitis","P17301"
"ulcerative colitis","P31785"
"ulcerative colitis","P35225"
"ulcerative colitis","P42081"
"ulcerative colitis","P51671"
"ulcerative colitis","Q9NPF7"
"ulcerative colitis","P29460"
"ulcerative colitis","P29459"
"ulcerative colitis","P23219"
"ulcerative colitis","P33681"
"ulcerative colitis","Q13477"
"ulcerative colitis","P51686"
"unipolar depression","P10275"
"unipolar depression","P49840"
"unipolar depression","Q13224"
"unipolar depression","Q05586"
"unipolar depression","P49841"
"unipolar depression","P06213"
"unipolar depression","P11473"
"unipolar depression","P01589"
"unipolar depression","P41143"
"unipolar depression","P08913"
"unipolar depression","P42261"
"unipolar depression","P48058"
"unipolar depression","O15399"
"unipolar depression","P18505"
"unipolar depression","P47870"
"unipolar depression","P18507"
"unipolar depression","P41594"
"unipolar depression","P60880"
"unipolar depression","P08235"
"unipolar depression","P14416"
"unipolar depression","P08908"
"unipolar depression","P21918"
"unipolar depression","P35367"
"unipolar depression","P31645"
"unipolar depression","P11229"
"unipolar depression","Q13936"
"unipolar depression","Q16539"
"unipolar depression","P03372"
"unipolar depression","P07550"
"unipolar depression","P48039"
"unipolar depression","P18089"
"unipolar depression","Q9H244"
"unipolar depression","Q13698"
"unipolar depression","P04150"
"unipolar depression","P28222"
"unipolar depression","P35372"
"unipolar depression","Q12879"
"unipolar depression","Q8TCU5"
"unipolar depression","P35354"
"unipolar depression","P01375"
"unipolar depression","Q05940"
"unipolar depression","P20309"
"unipolar depression","P14784"
"unipolar depression","Q14654"
"unipolar depression","Q15842"
"unipolar depression","P35348"
"unipolar depression","P35499"
"unipolar depression","Q14524"
"unipolar depression","P41145"
"unipolar depression","P21728"
"unipolar depression","P35462"
"unipolar depression","P41146"
"unipolar depression","Q15759"
"unipolar depression","O43525"
"unipolar depression","O43526"
"unipolar depression","P23415"
"unipolar depression","P14867"
"unipolar depression","P42262"
"unipolar depression","P30518"
"unipolar depression","P35368"
"unipolar depression","P37288"
"unipolar depression","Q9Y5Y9"
"unipolar depression","P51787"
"unipolar depression","Q92731"
"unipolar depression","Q9UQD0"
"unipolar depression","P29218"
"unipolar depression","O14649"
"unipolar depression","P42263"
"unipolar depression","P34998"
"unipolar depression","P08588"
"unipolar depression","Q9NPC2"
"unipolar depression","P04035"
"unipolar depression","P56696"
"unipolar depression","Q01959"
"unipolar depression","P08887"
"unipolar depression","P10828"
"unipolar depression","P36544"
"unipolar depression","P48167"
"unipolar depression","P13945"
"unipolar depression","P21917"
"unipolar depression","Q9NR82"
"unipolar depression","P28223"
"unipolar depression","P28335"
"unipolar depression","P23975"
"unipolar depression","P06401"
"unipolar depression","P10827"
"unipolar depression","Q9NY46"
"unipolar depression","Q99250"
"unipolar depression","P35498"
"unipolar depression","P31785"
"unipolar depression","P48169"
"unipolar depression","P05231"
"unipolar depression","Q7Z418"
"unipolar depression","Q01668"
"unipolar depression","P21397"
"unipolar depression","Q14832"
"unipolar depression","P23219"
"unipolar depression","P49286"
"unipolar depression","P43681"
"unipolar depression","Q14957"
"unipolar depression","P25103"
"unipolar depression","P47901"
"unipolar depression","Q9UI33"
"unipolar depression","Q15858"
"unipolar depression","P18825"
"unipolar depression","O60391"
"unipolar depression","Q14416"
"unipolar depression","P30559"
"unipolar depression","P30926"
"unipolar depression","P32297"
"unipolar depression","P01854"
"unipolar depression","P17787"
